id,make,model,vin,year,serialNum
342050445,PETERBILT,387,1XP7D49X5AD798496,2010,87B012790064
347373974,KENWORTH,T6 Series,1XKAD49X1CJ336629,2012,87B030310085
355570724,PETERBILT,387,1XP7DB9X07D665285,2007,87A013610079
364085166,PETERBILT,386,1XPHD49X6BD111399,2011,87A013610170
370075968,KENWORTH,T680,1XKYDP9X5JJ179300,2018,87B010130072
371082946,KENWORTH,T680,1XKYDP9X4JJ187243,2018,87B010130131
371931356,KENWORTH,W9 Series,1XKWD49XXNR476592,2022,87A012720311
383067079,KENWORTH,T680,1XKYDP9X6FJ436892,2015,4C3000025097
394117971,KENWORTH,T6 Series,1XKADB9X77R175053,2007,87B011040375
411436880,KENWORTH,T680,1XKYD49X5FJ424103,2015,87B010620295
425226653,PETERBILT,379,1XP5DB9X47N699098,2007,87B011100406
435461197,PETERBILT,579,1XPBDP9X5KD268798,2019,87B010620263
447613986,PETERBILT,579,1XPBDP9XXHD363821,2017,87B112240147
464421808,KENWORTH,T680,1XKYDP9X6PJ238704,2023,87B010390323
475165099,PETERBILT,579,1XPBD49X5KD263258,2019,87B010690304
480151015,PETERBILT,579,1XPBD49X3ND781129,2022,87B010690289
480694625,PETERBILT,579,1XPBDP9X0KD269101,2019,87B010390284
483043090,PETERBILT,579,1XPBDP9X8LD651149,2020,87B011040433
500462180,PETERBILT,579,1XPBD49X5KD263261,2019,87B010620642
506576599,PETERBILT,579,1XPBDP9X1GD351054,2016,88B111810023
518345220,KENWORTH,T680,1XKYDP9X1LJ433670,2020,87B030600199
531464646,KENWORTH,T680,1XKYDP9X4FJ454081,2015,87B010690008
554568442,KENWORTH,T680,1XKYD49XXKJ242262,2019,88B112080248
554577921,KENWORTH,T680,1XKYD49X7KJ240260,2019,87B011040298
563019941,KENWORTH,T680,1XKYDP9X6LJ433678,2020,87B013080371
578025811,PETERBILT,387,1XP7DB9X57D665170,2007,87B010690165
583828756,PETERBILT,579,1XPBDP9X0KD364421,2019,87B030310018
606323308,KENWORTH,W9 Series,1XKWD49X78J234071,2008,87B030310078
614382498,KENWORTH,W9 Series,1XKWD49X7HR168252,2017,87B030310097
627668649,KENWORTH,T680,1XKYD49X8JJ202258,2018,87B030580130
627668650,KENWORTH,T680,1XKYD49X2JJ185067,2018,87B030580121
627668652,KENWORTH,T680,1XKYD49X9HJ122400,2017,87B030580147
641949926,KENWORTH,T680,1XKYD49X2KJ242305,2019,87A013610171
643090055,PETERBILT,587,1XP4D49X3ED210913,2014,87B030310148
678789590,KENWORTH,T680,1XKYD49X4GJ469941,2016,87A013610074
735454783,KENWORTH,T680,1XKYD49X2MJ455712,2021,87B031220252
747872490,PETERBILT,579,1XPBDP9X6KD494509,2019,87A102380068
753132090,KENWORTH,T680,1XKYD49X1MJ446838,2021,87B031700189
782913023,KENWORTH,T680,1XKYD49X5MJ446843,2021,87B030600329
789981963,KENWORTH,T680,1XKYDP9XXKJ233062,2019,87B030590245
794713431,PETERBILT,567,1XPCDP9X5JD460094,2018,87B031220098
794713471,KENWORTH,T680,1XKYDP9X4HJ127344,2017,87A013490074
801986636,KENWORTH,T680,1XKYDP9XXKJ233059,2019,87B030590247
804004979,KENWORTH,T680,1XKYDP9X4KJ233056,2019,87B030600280
804004990,PETERBILT,579,1XPBDP9X5HD363824,2017,87B030590236
804004993,PETERBILT,579,1XPBDP9X2HD363778,2017,87B013130084
804004997,PETERBILT,579,1XPBD49X0PD837269,2023,87B030590229
806575439,PETERBILT,579,1XPBD49X9PD837271,2023,87B013410571
806575449,KENWORTH,T680,1XKYDP9X1LJ348330,2020,87B030320231
806575451,KENWORTH,T680,1XKYDP9X5LJ400929,2020,87B031220278
824524851,KENWORTH,T680,1XKYD49X3HJ157062,2017,87B031700164
831462929,KENWORTH,T680,1XKYDP9X0JJ189586,2018,87B010690851
853596548,KENWORTH,T680,1XKYDP9X5JJ189521,2018,87B013080370
853596550,PETERBILT,579,1XPBD49X7KD637756,2019,87B031720112
864017935,KENWORTH,T680,1XKYDP9X4FJ436583,2015,4C3000035134
865542728,KENWORTH,T680,1XKYD49X3KJ280660,2019,87B031720049
885112154,KENWORTH,T680,1XKYD49X2HJ142648,2017,87B031720111
892187123,PETERBILT,579,1XPBD49X0RD638113,2024,88B111810094
892187135,KENWORTH,T680,1XKYDP9X0HJ149485,2017,87B010620098
901147292,PETERBILT,579,1XPBD49X5RD638110,2024,87A111100223
904423156,KENWORTH,T680,1XKYD49X5J1184608,2018,87A013490069
929417325,PETERBILT,379,1XP5DB9X81D561383,2001,87B030330371
931989203,KENWORTH,T680,1XKYDP9X5HJ131967,2017,87B010400110
956368889,KENWORTH,T680,1XKYDP9X3LJ346448,2020,87A013610098
958392782,PETERBILT,579,1XPBDP9X5KD600478,2019,87B112220065
958392788,KENWORTH,T680,1XKYDP9X7GJ469403,2016,87B030600032
979982661,KENWORTH,T680,1XKYDP9X7LJ346453,2020,87A013610190
988131325,KENWORTH,W900,1XKWDB9X35J074254,2005,4C3000031913
988131326,PETERBILT,579,1XPBDP9X6KD627608,2019,87B030330276
989095297,PETERBILT,579,1XPBD49X1PD837264,2023,87B031220363
991851194,PETERBILT,386,1XPHD49X1CD145316,2012,87B031700137
999612598,PETERBILT,388,1NPWD49XXDD191911,2013,87B030590358
1005012073,PETERBILT,579,1XPBD49X9KD603558,2019,4C3000031018
1005012092,PETERBILT,579,1XPBDP9X8JD457783,2018,87B031720119
1023087878,KENWORTH,T680,1XKYD49X5LJ385184,2020,4C4000039524
1023087885,PETERBILT,579,1XPBDP9X0GD352762,2016,87B010400201
1023087887,KENWORTH,T680,1XKYD79X4LJ371200,1990,4C4000036658
1025571401,KENWORTH,T680,1XKYDP9X2LJ370661,2020,87A013610101
1035250229,KENWORTH,T680,1XKYD49X9HJ134403,2017,87B031700181
1038966085,KENWORTH,T680,1XKYDP9X5LJ370654,2020,87A013610186
1042296635,KENWORTH,T680,1XKYDP9X6LJ348260,2020,87B013270118
1042296649,KENWORTH,T680,1XKYD49X6LJ347348,2020,87B010390215
892187141,PETERBILT,579,1XPBDP9X4GD298012,2016,4C4000036564
599499527,KENWORTH,T680,1XKYD49X1KJ247267,2019,87B013410914
527740954,KENWORTH,T680,1XKYD49X6PJ233324,2023,87U111270012
989095276,KENWORTH,T680,1XKYDP9X1RJ321363,2024,87B031720002
989095295,KENWORTH,T680,1XKYDP9XXRJ321362,2024,87U111250044
478820636,KENWORTH,T680,1XKYDP9X7PJ237299,2023,87B010130106
432541409,KENWORTH,T680,1XKYD49X2LJ357441,2020,87B010690710
488479038,KENWORTH,T680,1XKYDP9X2PJ237016,2023,87A101770033
450493564,KENWORTH,T680,1XKYDP9XXGJ113785,2016,87U111270028
525988296,KENWORTH,T680,1XKYD49X8P1233308,2023,87U111270046
536861731,KENWORTH,T680,1XKYD49X7PJ268728,2023,87U111270006
625546141,KENWORTH,T680,1XKYDP9X6RJ321293,2024,87U111270019
815113179,KENWORTH,T680,1XKYDP9X8MJ469521,2021,87B030590373
39356467,KENWORTH,T680,1XKYDP9X4GJ444569,2016,87B010210245
45752221,KENWORTH,T680,1XKYDP9XXHJ138820,2017,88A102730109
52314749,KENWORTH,T680,1XKYDP9X3HJ138917,2017,87A110620017
95866552,KENWORTH,T680,1XKYDP9X1HJ131920,2017,87A102380189
127049452,KENWORTH,T680,1XKYDP9X3JJ192353,2018,88A110740054
146236777,KENWORTH,T680,1XKYD49X6NJ482123,2022,88A110980180
183647434,KENWORTH,T680,1XKYD49X5KJ250818,2019,87A102380013
190846940,KENWORTH,T680,1XKYDP9X5LJ404334,2020,87A110820124
208376606,KENWORTH,T680,1XKYD49X2KJ220093,2019,87A111100194
214825352,KENWORTH,T680,1XKYD49X7HJ167755,2017,87U111250063
220134464,KENWORTH,T6 Series,1XKADP9X4DJ360328,2013,87U111250068
221856813,KENWORTH,T680,1XKYDP9X4HJ156990,2017,87U111250019
230803360,KENWORTH,T680,1XKYDP9X3HJ145155,2017,87U111250006
246645294,KENWORTH,T680,1XKYD49X4JJ184907,2018,87A102900033
266045165,KENWORTH,T680,1XKYD49X3NJ491782,2022,87A111100186
297598194,KENWORTH,T680,1XKYD49X4NJ480211,2022,87A111520004
308269867,KENWORTH,T680,1XKYDP9X7NJ480723,2022,87B101900097
310930241,KENWORTH,T680,1XKYD49X0FJ461902,2015,87U111270041
314463555,KENWORTH,T680,1XKYDP9X3GJ466319,2016,87A102380107
315549361,KENWORTH,T680,1XKYD49X8EJ405673,2014,88B111930253
322258720,KENWORTH,T680,1XKYD49X4NJ476515,2022,87A111590005
325645296,KENWORTH,T680,1XKYDP9X0JJ189538,2018,88A110120095
341323506,KENWORTH,T680,1XKYD49X8EJ398532,2014,87B112220131
342643401,KENWORTH,T680,1XKYDP9X0JJ198403,2018,87B112170049
344791266,KENWORTH,T2 Series,1XKTDU9X86J126011,2006,87B012790200
349134896,KENWORTH,T680,1XKYDP9X3JJ217722,2018,87B012790138
352198246,KENWORTH,T680,1XKYD49X9JJ211163,2018,88A103170686
353017831,KENWORTH,T680,1XKYD49X4JJ196393,2018,87A013570147
353018252,KENWORTH,T680,1XKYD49X5JJ196404,2018,87A013570233
353018536,KENWORTH,T680,1XKYD49X4JJ196409,2018,87A013570140
353413716,KENWORTH,T680,1XKYDP9X4HJ138814,2017,87B013270111
355915966,KENWORTH,T680,1XKYDP9X7JJ192369,2018,88B111870216
356510895,KENWORTH,T680,1XKYD49X4MJ456571,2021,87A100910035
364175772,KENWORTH,T680,1XKYDP9X2HJ474302,2017,87B030580114
364737038,KENWORTH,T680,1XKYDP9X3HJ134723,2017,87A013490065
365910416,KENWORTH,T800,1XKDDB9X85J080994,2005,87B010280053
366267605,KENWORTH,T680,1XKYD49X8MJ456573,2021,87B031720024
368179267,KENWORTH,T680,1XKYDP9X6PJ216458,2023,87B010210140
369630659,KENWORTH,T6 Series,1XKAD49X0EJ320389,2014,87B010210098
371521174,KENWORTH,T680,1XKYDP9X9PJ236977,2023,87B010280036
372229923,KENWORTH,T680,1XKYDP9X9PJ236980,2023,87B010280035
375904959,KENWORTH,T680,1XKYAP9X1FJ446366,2015,87B010620234
377789900,KENWORTH,T680,1XKYD49X5EJ398536,2014,87A013570220
377800950,KENWORTH,T680,1XKYDP9X1HJ166800,2017,87B010690383
380166196,KENWORTH,T2 Series,1XKTDB9X06J130770,2006,87A013630003
380730122,KENWORTH,T680,1XKYDP9X7JJ198575,2018,87B010210050
380731753,KENWORTH,T680,1XKYDP9X6HJ166839,2017,87U111250073
381087682,KENWORTH,T680,1XKYD49X0LJ403414,2020,87B112240189
391216668,KENWORTH,T680,1XKYDP9X1PJ237279,2023,87B010690834
391440504,KENWORTH,T680,1XKYDP9X0LJ381013,2020,87B112170058
394443050,KENWORTH,T680,1XKYDP9X5HJ145805,2017,87B010690707
396286217,KENWORTH,T680,1XKYD49X2JJ196263,2018,87B010770051
396650595,KENWORTH,T6 Series,1XKAD49X69J244862,2009,87B010770036
401181402,KENWORTH,T680,1XKYDP9X8PJ237280,2023,87B010690878
405040177,KENWORTH,T680,1XKYDP9X5PJ236989,2023,87A102380172
406835429,KENWORTH,T6 Series,1XKADP9X0DJ343901,2013,87A110820075
407057972,KENWORTH,T680,1XKYDP9X8LJ421743,2020,87B010690791
418071084,KENWORTH,T680,1XKYDP9X3PJ236991,2023,87B011100168
419324607,KENWORTH,T680,1XKYDP9X3PJ237283,2023,87B011040134
421602755,KENWORTH,T680,1XKYDP9XXMJ460769,2021,87A032060093
423498015,KENWORTH,T680,1XKYDP9X8PJ236999,2023,87B011040263
424085518,KENWORTH,T680,1XKYDP9X1PJ237282,2023,87B031510004
424086349,KENWORTH,T680,1XKYDP9X7PJ237285,2023,87B030580117
424614793,KENWORTH,T680,1XKYDP9X6PJ236998,2023,87B031220385
426402515,KENWORTH,T680,1XKYDP9X9PJ237000,2023,87B011040096
426997560,KENWORTH,T680,1XKYD49X4HJ172153,2017,87B010690884
427000773,KENWORTH,T680,1XKYDP9X0PJ237287,2023,87A032280145
427652815,KENWORTH,T680,1XKYDP9X7JJ222955,2018,87B011040219
430488360,KENWORTH,T680,1XKYDP9X5PJ237284,2023,87B011100120
430707211,KENWORTH,T680,1XKYDP9X2PJ236996,2023,87A111590034
436339644,KENWORTH,T680,1XKYDP9X2PJ237288,2023,87B030580137
439874114,KENWORTH,T680,1XKYDP9X2HJ474297,2017,87B011040415
449201359,KENWORTH,T680,1XKYDP9X2PJ237002,2023,87B011100130
449675964,KENWORTH,T680,1XKYDP9X6PJ237004,2023,87B012790184
449872425,KENWORTH,T680,1XKYDP9X4PJ237003,2023,87B011100217
452406337,KENWORTH,T680,1XKYDP9XXPJ237006,2023,87B013410578
452422354,KENWORTH,T680,1XKYDP9X7PJ236993,2023,87B010390521
457147980,KENWORTH,T680,1XKYD49X6NJ162350,2022,87B010390170
462598590,KENWORTH,T680,1XKYDP9X5HJ135985,2017,87U111250086
462599661,KENWORTH,T680,1XKYDP9X6JJ211736,2018,87B012810035
464112871,KENWORTH,T680,1XKYDP9X9PJ237286,2023,87A013610073
473304535,KENWORTH,T680,1XKYDP9X1PJ237296,2023,88A110620186
474153913,KENWORTH,T680,1XKYDP9X3JJ211743,2018,87U111250037
474961743,KENWORTH,T6 Series,1XKAD48X86J148065,2006,87B112170061
477896183,KENWORTH,T680,1XKYDP9X3PJ237297,2023,87B010210223
478825855,KENWORTH,T680,1XKYDP9X1PJ237010,2023,87B010690758
479866781,KENWORTH,T680,1XKYDP9X5PJ237298,2023,87B010690776
479999438,KENWORTH,T680,1XKYDP9X1PJ251604,2023,87B010310125
480170428,KENWORTH,T680,1XKYDP9X3PJ251605,2023,87B010690227
482101924,KENWORTH,T680,1XKYDP9X0NJ492924,2022,87B010690218
482612220,KENWORTH,T6 Series,1XKAD49XXBJ280396,2011,87B010690358
482790347,KENWORTH,T680,1XKYDP9X5HJ474309,2017,87B013080608
486576041,KENWORTH,T7 Series,1XKFDP9X5CJ318304,2012,87B010620615
488483149,KENWORTH,T680,1XKYDP9X4PJ237017,2023,88A110620187
488486475,KENWORTH,T680,1XKYDP9X6PJ237018,2023,87B012790199
488487152,KENWORTH,T680,1XKYDP9X4PJ237292,2023,87B031220373
488488183,KENWORTH,T680,1XKYDP9X1PJ237301,2023,87A102380262
488803081,KENWORTH,T680,1XKYDP9X2FJ444360,2015,87B010690244
493882566,KENWORTH,T2000,1XKTD49XX2J889268,2002,87B010690290
494634158,KENWORTH,T680,1XKYDP9X4GJ102569,2016,87B010120034
499458910,KENWORTH,T680,1XKYDP9X9HJ145144,2017,87B010690040
503115413,KENWORTH,T2000,1XKTD69X51J864269,2001,87B013080289
509755949,KENWORTH,T680,1XKYDP9X6JJ168113,2018,87B013080218
510203937,KENWORTH,T680,1XKYD49X8LJ357492,2020,87B010120065
510759026,KENWORTH,T680,1XKYD49X6PJ259356,2023,87B013080055
514185907,KENWORTH,T680,1XKYDP9X0KJ241428,2019,87B013080092
514187902,KENWORTH,T680,1XKYDP9X4HJ145956,2017,87B010400015
515234079,KENWORTH,T680,1XKYDP9X1KJ241437,2019,87B013080096
516530723,KENWORTH,T680,1XKYDP9X4FJ422957,2015,87B010400187
526005860,KENWORTH,T680,1XKYDP9XXHJ163121,2017,87U111250079
526006370,KENWORTH,T680,1XKYDP9X2HJ163114,2017,87B012790040
527585747,KENWORTH,T680,1XKYD49X3PJ264238,2023,87B013320083
530415637,KENWORTH,T680,1XKYD49X8PJ259357,2023,87B013080049
532787746,KENWORTH,T680,1XKYDP9X0FJ436595,2015,87B013080030
533594446,KENWORTH,T680,1XKYD49X2KJ236990,2019,87B010620110
533819766,KENWORTH,T680,1XKYDP9X8FJ435159,2015,87B013150139
534481828,KENWORTH,T680,1XKYDP9X6HJ134747,2017,87B013320071
536853641,KENWORTH,T680,1XKYD49X5PJ233315,2023,87B013080386
537421384,KENWORTH,W9 Series,1XKWD49X5PR235266,2023,87A103510014
539050454,KENWORTH,T680,1XKYDP9X9LJ310490,2020,87B013080042
542128330,KENWORTH,T680,1XKYD49X4PJ233306,2023,87B013080404
550329005,KENWORTH,T680,1XKYDP9X5HJ474293,2017,87B112170011
553779991,KENWORTH,T680,1XKYD49X3JJ185014,2018,87B013080624
553780666,KENWORTH,T680,1XKYD49X4JJ185118,2018,87B013080639
553872700,KENWORTH,T680,1XKYD49X1JJ185013,2018,87B013080616
559764196,KENWORTH,T680,1XKYD49X0JJ184953,2018,87B013080180
559764693,KENWORTH,T680,1XKYD49X1JJ185044,2018,87B013080629
562945739,KENWORTH,T6 Series,1XKAD49X0AJ276629,2010,87B013410602
565539817,KENWORTH,T6 Series,1XKAD49X8EJ319975,2014,87B013410745
568472456,KENWORTH,T600,1XKAD69XXTJ686286,1996,87B013410742
580077737,KENWORTH,T680,1XKYDP9X2FJ422942,2015,87B010210202
580761639,KENWORTH,T680,1XKYD49X9FJ428431,2015,87B030310113
580819703,KENWORTH,T680,1XKYD49XXKJ236705,2019,87B031510138
585521584,KENWORTH,T680,1XKYDP9X0KJ257368,2019,88A110620151
586785682,KENWORTH,T680,1XKYDP9X1GJ464763,2016,87B030320194
594485171,KENWORTH,T680,1XKYDP9XXPJ237300,2023,88A102730140
601898204,KENWORTH,T680,1XKYD49X4FJ467394,2015,87B013080058
605947080,KENWORTH,T680,1XKYDP9X6JJ209548,2018,87B012810003
606213091,KENWORTH,T680,1XKYDP9X9JJ209561,2018,87U111250093
608169836,KENWORTH,T680,1XKYDP9X9LJ433688,2020,87B013410775
619933857,KENWORTH,T680,1XKYD49XXHJ147323,2017,87B030580166
627668639,KENWORTH,W900,1XKWDB9X35J070222,2005,87B013080320
633521435,KENWORTH,T680,1XKYDP9X4EJ407681,2014,87B013410840
634746081,KENWORTH,T680,1XKYD49X7JJ185050,2018,87B030330265
634746085,KENWORTH,T680,1XKYDP9X3MJ463173,2021,87B030580161
634746110,KENWORTH,T680,1XKYDP9X0GJ122222,2016,87B013410521
646104103,KENWORTH,T8 Series,1XKDDP9X4EJ388791,2014,87B030600486
651363075,KENWORTH,T680,1XKYD49X6HJ152910,2017,87B030590233
659690457,KENWORTH,T680,1XKYDP9X2MJ449880,2021,87A013570047
673593284,KENWORTH,T680,1XKYDP9X4LJ312308,2020,87B030600202
678789603,KENWORTH,T680,1XKYDP9X4KJ252285,2019,4C3000034531
691332425,KENWORTH,T680,1XKYD49X2JJ184582,2018,87B013080625
691332432,KENWORTH,T680,1XKYD49X7MJ448707,2021,4C3000034823
714510788,KENWORTH,T680,1XKYDP9X7FJ422824,2015,87B031110028
771466951,KENWORTH,T680,1XKYDP9X6JJ189611,2018,87B010400070
771466952,KENWORTH,T680,1XKYDP9XXKJ255966,2019,87B010390128
787534526,KENWORTH,T680,1XKYD48X3HJ165051,2017,87B010390082
787534536,KENWORTH,T680,1XKYDP9X7HJ127287,2017,87B031220317
789981952,KENWORTH,T680,1XKYDP9X3PJ238269,2023,87B011040043
794713433,KENWORTH,T680,1XKYDP9X8KJ233058,2019,87B030590237
794713454,KENWORTH,T680,1XKYD49X7PJ264534,2023,87B013320158
804004987,KENWORTH,T680,1XKYDP9X8HJ148147,2017,87A031090015
817097088,KENWORTH,T680,1XKYDP9X7HJ148219,2017,87B013080634
819457813,KENWORTH,T680,1XKYD49X5KJ236837,2019,87B031220337
824524826,KENWORTH,T680,1XKYD49XXHJ155616,2017,87B010400109
824524830,KENWORTH,T680,1XKYDP9X6PJ238265,2023,87B011040244
824524858,KENWORTH,T680,1XKYDP9X1PJ237024,2023,87B010400001
839183130,KENWORTH,T680,1XKYDP9X0MJ438442,2021,87B031580032
839183132,KENWORTH,T680,1XKYD49X3JJ184574,2018,87B031700170
849622526,KENWORTH,T680,1XKYD49X8JJ185042,2018,87B031700142
849622542,KENWORTH,T680,1XKYD49X8KJ236671,2019,87B031220370
853596523,KENWORTH,T680,1XKYD49X3JJ184669,2018,87B031510114
865542759,KENWORTH,T680,1XKYD49X0KJ236793,2019,87A032490296
865542761,KENWORTH,T680,1XKYDP9XXHJ145136,2017,4C4000040692
875628499,KENWORTH,T7 Series,1XKFDP9XXCJ293397,2012,87B031720011
882235789,KENWORTH,T680,1XKYDP9X6LJ430716,2020,87A032490250
882235790,KENWORTH,T680,1XKYDP9X2KJ278223,2019,87B031220298
885112145,KENWORTH,W990,1XK1D49X4MJ440887,2021,88B112080250
892187153,KENWORTH,T680,1XKYD49X2KJ230087,2019,87B013410570
904423143,KENWORTH,T680,1XKYD49X6JJ184861,2018,87A032490148
904423146,KENWORTH,T680,1XKYD49X2JJ184856,2018,4C4000037121
910662805,KENWORTH,T680,1XKYD49X6KJ236765,2019,4C4000037343
923549779,KENWORTH,T680,1XKYD49X8JJ206004,2018,87A031720054
923549783,KENWORTH,T680,1XKYD49X4JJ184695,2018,87B011040465
929417335,KENWORTH,T680,1XKYD49XXJJ185043,2018,4C4000038899
945346909,KENWORTH,T680,1XKYDP9X1JJ197387,2018,87A013480027
956368878,KENWORTH,T680,1XKYDP9X8LJ346414,2020,87B013410772
970729625,KENWORTH,T680,1XKYDP9XXLJ371458,2020,87A032280028
972012826,KENWORTH,T680,1XKYDP9X3LJ386593,2020,87A013480049
989095275,KENWORTH,T680,1XKYDP9X6LJ346413,2020,87B030590216
989095305,KENWORTH,T680,1XKYD49X9GJ478019,2016,87A032280252
991851190,KENWORTH,T680,1XKYDP9XXLJ346415,2020,87B013410777
998026525,KENWORTH,T680,1XKYDP9X3PJ237025,2023,87A013570049
1001625624,KENWORTH,T6 Series,1XKAA49X1CJ287439,2012,87A032490145
1005012099,KENWORTH,T680,1XKYDP9X3KJ299209,2019,87A032490224
1005012106,KENWORTH,T680,1XKYD49X8KJ257956,2019,87A032490232
1013845908,KENWORTH,T680,1XKYD49X1GJ125144,2016,87A032490264
1018644400,KENWORTH,W9 Series,1NKWX4TX8FJ440247,2015,4C4000040650
1023087879,KENWORTH,T680,1XKYD49X4LJ357456,2020,87A032280232
1025571375,KENWORTH,T680,1XKYD49X2LJ387586,2020,87B030600116
1025571399,KENWORTH,T680,1XKYDP9X3HJ131224,2017,88U111340043
1025571411,KENWORTH,T680,1XKYD49X8GJ469926,2016,87A032280004
1041204785,KENWORTH,T680,1XKYD49XXEJ412401,2014,87A032710070
370356704,KENWORTH,T680,1XKYD49X7GJ475779,2016,87A013630112
462576085,KENWORTH,T680,1XKYDP9X1GJ115408,2016,87B010390147
482983079,KENWORTH,T680,1XKYD49X0FJ424493,2015,87B010690117
483050067,KENWORTH,T680,1XKYDP9X7GJ468414,2016,87B031220294
494781516,KENWORTH,T680,1XKYD49XXEJ415718,2014,87B010690135
564060993,KENWORTH,T680,1XKYDP9X8FJ436599,2015,87B013080331
564062139,KENWORTH,T680,1XKYDP9X0EJ413011,2014,87B013080339
572099042,KENWORTH,T680,1XKYDP9X3PJ238272,2023,87B011040445
573694544,KENWORTH,T680,1XKYDP9X5PJ238273,2023,87B010770018
584278755,KENWORTH,T680,1XKYDP9XXPJ238270,2023,87B013080378
593490569,KENWORTH,T680,1XKYDP9X1PJ238271,2023,87B013080329
599596983,KENWORTH,T680,1XKYDP9X7PJ238274,2023,87B010970261
612567429,KENWORTH,T680,1XKYD79X7HJ177767,1987,87B013410513
623641244,KENWORTH,T680,1XKYD49X5JJ208776,2018,87B010620127
669019907,KENWORTH,T680,1XKYD49X6HJ144919,2017,87B030600132
686125552,KENWORTH,T680,1XKYDP9X6PJ237309,2023,87B013410789
699356580,KENWORTH,T680,1XKYDP9X4GJ468791,2016,87B030580104
699356604,KENWORTH,T680,1XKYDP9X2NJ101952,2022,87B010620483
730825206,KENWORTH,W990,1XK1P4TX7MJ434047,2021,87B112220059
750651882,KENWORTH,T680,1XKYDP9X2FJ455309,2015,87B031220244
753132082,KENWORTH,T680,1XKYD49X7KJ245796,2019,87B013150172
766212788,KENWORTH,T680,1XKYD49X6PJ264654,2023,87B031220262
853596565,KENWORTH,T680,1XKYD49X4PJ307355,2023,87B013080199
865542767,KENWORTH,T680,1XKYD49X8NJ495049,2022,87B112220052
910662802,KENWORTH,T680,1XKYDP9X6HJ138832,2017,87A111590072
952582224,KENWORTH,T6 Series,1XKAA49X8CJ288023,2012,87B010390283
978817425,KENWORTH,T680,1XKYDP9X6RJ237345,2024,87A032060001
988131330,KENWORTH,T6 Series,1XKAD49X2CJ329477,2012,87A031910133
989095290,KENWORTH,T680,1XKYDP9X1HJ128242,2017,87B030330311
989095293,KENWORTH,T680,1XKYDP9X6HJ131928,2017,87A013490031
991851197,KENWORTH,T6 Series,1XKADP9X5CJ325053,2012,87A031910120
1005012074,KENWORTH,W9 Series,1XKWD49X66R133912,2006,87A031910043
1005012107,KENWORTH,T680,1XKYDP9X3LJ399084,2020,87B030330278
1013845915,KENWORTH,T680,1XKYDP8X6GJ496268,2016,87A032280272
1023087900,KENWORTH,T6 Series,1XKADU8X37J209663,2007,87A032490219
1035250225,KENWORTH,T680,1XKYDP9X5KJ244261,2019,87A032710117
1035250231,KENWORTH,T680,1XKYDP9X1LJ369159,2020,87A031910086
1038966073,KENWORTH,T680,1XKYDP9X1LJ395096,2020,87A032710111
1038966088,KENWORTH,T680,1XKYD49X8FJ429182,2015,87A032710120
960421986,KENWORTH,T680,1XKYDP9X0LJ370660,2020,87A013610193
564059630,PETERBILT,379,1XP5DB9X23D586007,2003,87B013080322
646104101,PETERBILT,389,1NPXGGGG30D442150,,87B030600473
646104096,PETERBILT,579,1XPBD49X6ND783974,2022,87B030600274
646104097,PETERBILT,579,1XPBD49X8ND783975,2022,87B030600273
23051,PETERBILT,579,1XPBDP9X8KD232300,2019,87A013610207
238932,PETERBILT,579,1XPBD49X5LD639734,2020,87A013610240
242205,PETERBILT,579,1XPBD49X2LD639724,2020,87B030580159
275824,PETERBILT,579,1XPBDP9X9KD232273,2019,87B010210246
278315,PETERBILT,579,1XPBDP9X6KD232294,2019,87A102380120
278738,PETERBILT,579,1XPBD49X1LD638578,2020,87A102380284
279090,PETERBILT,579,1XPBD49XXLD638580,2020,87B011100138
279258,PETERBILT,579,1XPBDP9X5LD638553,2020,88A110620154
2527387,PETERBILT,579,1XPBDP9X8KD232295,2019,87B013130028
3231610,PETERBILT,579,1XPBDP9X6KD232232,2019,87B010130067
6158177,PETERBILT,579,1XPBDP9XXKD232296,2019,88A102730148
7197191,PETERBILT,579,1XPBDP9X2KD232292,2019,87B012790212
25945325,PETERBILT,579,1XPBDP9X5KD232237,2019,87B112170019
29050026,PETERBILT,579,1XPBDP9X8LD638563,2020,87A102380096
33651711,PETERBILT,579,1XPBDP9XXLD638547,2020,87B030580111
34028730,PETERBILT,579,1XPBDP9X7KD232272,2019,87A102380111
67389784,PETERBILT,579,1XPBDP9XXKD232301,2019,87A102900046
151499404,PETERBILT,579,1XPBDP9XXLD651072,2020,87B010110124
151501607,PETERBILT,579,1XPBDP9X7LD651028,2020,87A111100209
164617912,PETERBILT,579,1XPBD49X1ND781114,2022,87A102380155
165650588,PETERBILT,579,1XPBD49X9ND781118,2022,87B010690813
166101079,PETERBILT,579,1XPBD49X4ND781110,2022,88A110120008
166117286,PETERBILT,579,1XPBD49X7ND781120,2022,88A111020043
167902293,PETERBILT,579,1XPBD49X0ND781105,2022,88A111020048
174346461,PETERBILT,579,1XPBD49X7ND781117,2022,88A111020018
174437929,PETERBILT,579,1XPBD49X8ND781109,2022,87A013610242
174579358,PETERBILT,579,1XPBD49X7ND781103,2022,88A111020001
176145599,PETERBILT,579,1XPBD49X5ND781116,2022,88A111020032
177559160,PETERBILT,579,1XPBD49X3ND781115,2022,88A111020020
180710297,PETERBILT,579,1XPBDP9X3JD466858,2018,87A111100229
185232212,PETERBILT,579,1XPBD49X0ND781119,2022,87B031220380
186645483,PETERBILT,579,1XPBD49X2ND781106,2022,88A102730125
188083937,PETERBILT,579,1XPBD49X6ND781111,2022,88A111020010
190204861,PETERBILT,579,1XPBD49X8ND781112,2022,87A111100137
194488587,PETERBILT,579,1XPBD49X9ND781121,2022,88A102730090
200037474,PETERBILT,579,1XPBD49X4ND781107,2022,87A102380097
206422067,PETERBILT,579,1XPBD49X0ND781122,2022,88A111020006
219668002,PETERBILT,579,1XPBD49X7GD351106,2016,87U111250081
224072590,PETERBILT,579,1XPBD49X2ND781123,2022,88A111020023
233351702,PETERBILT,579,1XPBDP9XXJD466114,2018,87A110820096
244871235,PETERBILT,579,1XPBD49X6ND781125,2022,88A111020039
260642692,PETERBILT,579,1XPBD49X9HD434134,2017,87A111440084
263586882,PETERBILT,579,1XPBDP9X6KD624062,2019,87B013320183
277362446,PETERBILT,579,1XPBD49X9ND781104,2022,87B031720004
279814814,PETERBILT,579,1XPBD49X4ND781124,2022,87A032280046
279820329,PETERBILT,579,1XPBD49X8ND781126,2022,87B031720012
279826538,PETERBILT,579,1XPBD49XXND781127,2022,88A110120001
303086684,PETERBILT,579,1XPBD49X5ND781133,2022,87A102380162
312136619,PETERBILT,579,1XPBDP9X4KD232262,2019,87B101900115
312418947,PETERBILT,579,1XPBD49X3ND781132,2022,87A100910015
313010930,PETERBILT,579,1XPBDP9X5ED223025,2014,87A111100134
325347657,PETERBILT,579,1XPBDP9X0KD600887,2019,88A103170653
326016942,PETERBILT,579,1XPBDP9X3JD451311,2018,87B012990032
326017508,PETERBILT,579,1XPBDP9X6JD449195,2018,87A111590028
336223559,PETERBILT,579,1XPBDP9X8KD232281,2019,87A013570218
339884935,PETERBILT,579,1XPBD49X1ND800082,2022,87B012790191
339906779,PETERBILT,579,1XPBD49X4ND800089,2022,87B010690902
341787055,PETERBILT,579,1XPBD49X4ND800092,2022,87B012790181
342081336,PETERBILT,579,1XPBD49X0ND800087,2022,87B010210211
342263922,PETERBILT,579,1XPBD49X3ND800102,2022,87A100910046
343346629,PETERBILT,579,1XPBDP9X5JD466912,2018,87B013150185
343354110,PETERBILT,579,1XPBDP9X2KD600891,2019,87B012990076
343607289,PETERBILT,579,1XPBD49X7ND800104,2022,87B030580097
344384895,PETERBILT,579,1XPBD49X5ND800103,2022,87B031510053
346512640,PETERBILT,579,1XPBDP9X0JD466915,2018,87B030600341
347937921,PETERBILT,579,1XPBD49X4ND800108,2022,87B030580145
348006380,PETERBILT,579,1XPBDP9X9KD600886,2019,87A013570057
348191282,PETERBILT,579,1XPBDP9X2KD600888,2019,87A013570025
348210211,PETERBILT,579,1XPBD49X6ND800109,2022,87A032280022
348212105,PETERBILT,579,1XPBD49X0ND800090,2022,87B013150160
348284781,PETERBILT,579,1XPBD49X2ND800110,2022,88A111020035
348541662,PETERBILT,579,1XPBD49X6ND800112,2022,87B010210215
349714838,PETERBILT,579,1XPBD49X7ND800085,2022,87B031510003
352402178,PETERBILT,579,1XPBDP9XXHD363673,2017,87B013270147
355516495,PETERBILT,579,1XPBD49X9MD751471,2021,87A013490076
355923811,PETERBILT,579,1XPBD49X4MD748803,2021,87B013410783
356188796,PETERBILT,579,1XPBD49X9ND800086,2022,88A111020015
356225490,PETERBILT,579,1XPBD49X5ND800084,2022,87A102600359
357696793,PETERBILT,579,1XPBDP9X4GD298110,2016,87A013570107
357703236,PETERBILT,579,1XPBD49X6ND800093,2022,87A013570201
357719793,PETERBILT,579,1XPBD49XXND800114,2022,87A032280123
358019182,PETERBILT,388,1XPWDBTX48D766660,2008,862599050523529
358029515,PETERBILT,579,1XPBD49XXND800095,2022,87A013610013
358278650,PETERBILT,579,1XPBDP9X0GD297858,2016,87B031110026
358554013,PETERBILT,579,1XPBD49X8ND800113,2022,87A013610056
361181379,PETERBILT,579,1XPBDP9X2HD448765,2017,87A013480051
361181500,PETERBILT,579,1XPBD49X3ND800097,2022,87A013610119
361216124,PETERBILT,579,1XPBD49X1ND800096,2022,87B031510040
361588533,PETERBILT,579,1XPBD49X7ND800099,2022,87B010130089
362907416,PETERBILT,579,1XPBD49X8ND800094,2022,87B031720046
362945881,PETERBILT,579,1XPBD49X2ND800091,2022,87A013610142
364392388,PETERBILT,579,1XPBD49XXND800100,2022,87A102600302
364474807,PETERBILT,579,1XPBD49X2ND800088,2022,87A032280008
365065421,PETERBILT,579,1XPBDP9X0JD483889,2018,87A013480019
365949166,PETERBILT,579,1XPBD49X1ND800101,2022,87B011100219
366155930,PETERBILT,579,1XPBDP9X8PD800116,2023,87A032280082
366893760,PETERBILT,579,1XPBDP9XXPD800117,2023,87A013610220
367785540,PETERBILT,579,1XPBDP9X3PD840359,2023,87A013610002
368681407,PETERBILT,579,1XPBDP9X3PD800119,2023,87B030580116
368714545,PETERBILT,579,1XPBDP9X1PD800118,2023,87B013420046
369810282,PETERBILT,579,1XPBDP9X5JD483967,2018,87B010280055
371018508,PETERBILT,579,1XPBDP9XXPD800120,2023,88A103510006
374141123,PETERBILT,579,1XPBDP9XXPD840357,2023,87A102900094
375098111,PETERBILT,579,1XPBDP9X8PD840356,2023,87B010130025
376051978,PETERBILT,579,1XPBDP9X1PD840358,2023,87B013150154
381090702,PETERBILT,579,1XPBDP9X5PD800123,2023,87A013610233
381671523,PETERBILT,579,1XPBDP9X7PD800124,2023,88A111020012
381673571,PETERBILT,579,1XPBDP9X9PD800125,2023,87B012790217
384573715,PETERBILT,579,1XPBD49X3ND800083,2022,88A110600032
385957297,PETERBILT,579,1XPBD49X0ND800106,2022,88A110360023
386516431,PETERBILT,579,1XPBDP9X3PD800122,2023,87B013130075
388611368,PETERBILT,579,1XPBDP9XXKD624064,2019,87B031700040
391269737,PETERBILT,579,1XPBDP9X7GD297839,2016,87B010690603
392683875,PETERBILT,579,1XPBDP9XXGD298001,2016,87B010280068
392685049,PETERBILT,579,1XPBDP9X8GD297820,2016,87B010620497
392686628,PETERBILT,579,1XPBDP9X6GD297928,2016,87B010620490
392687023,PETERBILT,579,1XPBDP9XXGD297821,2016,87B010620454
392687695,PETERBILT,579,1XPBDP9X6GD297878,2016,87B010620475
392688551,PETERBILT,579,1XPBDP9X8GD298076,2016,87B010620482
392689576,PETERBILT,579,1XPBDP9X8GD298059,2016,87B010620492
394402492,PETERBILT,579,1XPBDP9X1JD484047,2018,87B112240176
395333720,PETERBILT,579,1XPBD49X1PD800585,2023,87A013570176
396285947,PETERBILT,579,1XPBDP9X8GD298045,2016,87B010770040
396300615,PETERBILT,579,1XPBDP9X4GD298026,2016,87B010770005
396648831,PETERBILT,387,1XP7DB9X17D683472,2007,87B010770056
399220271,PETERBILT,579,1XPBDP9X3KD269416,2019,87A013570172
401179214,PETERBILT,579,1XPBDP9X0PD800126,2023,87B012790203
403888338,PETERBILT,579,1XPBDP9X8KD624063,2019,87B010620289
406309913,PETERBILT,579,1XPBDP9X5GD340364,2016,87B011040273
422822551,PETERBILT,387,1XP7DB9X47D664916,2007,87A102380071
430707822,PETERBILT,579,1XPBD49X2ND800107,2022,88A110360016
435549920,PETERBILT,579,1XPBDP9X6PD880774,2023,87B011100224
441157872,PETERBILT,579,1XPBDP9X4PD858949,2023,87A101770152
446821404,PETERBILT,579,1XPBD49X4JD446035,2018,88A102730133
449008849,PETERBILT,579,1XPBDP9X8PD880775,2023,87B011100139
453925144,PETERBILT,386,1XPHDU9X97N690342,2007,87B030310122
468359704,PETERBILT,579,1XPBD49X9ND800105,2022,87B031220393
473538304,PETERBILT,579,1XPBDP9X7LD687348,2020,87B111940302
474083643,PETERBILT,579,1XPBD49X7PD860967,2023,87A032490276
474087262,PETERBILT,579,1XPBD49X7PD860970,2023,87B010690204
474164307,PETERBILT,587,1XP4DP9X6GD248446,2016,87B010620661
479973020,PETERBILT,579,1XPBD49X5KD603718,2019,88A110120007
482620020,PETERBILT,386,1XPHDB9X97N685176,2007,87B010620786
483988937,PETERBILT,579,1XPBD49X5KD603797,2019,88A110360031
484965536,PETERBILT,579,1XPBDP9X8JD364021,2018,87B010400141
484965982,PETERBILT,579,1XPBDP9X1JD364149,2018,87B010400218
484966306,PETERBILT,579,1XPBDP9X8JD364004,2018,87B010400104
484966547,PETERBILT,579,1XPBDP9X6JD364003,2018,87B010400215
484967087,PETERBILT,579,1XPBDP9X6JD457782,2018,87B010400123
484967788,PETERBILT,579,1XPBDP9X5JD364008,2018,87B010400112
484968036,PETERBILT,579,1XPBDP9X1JD363986,2018,87B010400126
484968356,PETERBILT,579,1XPBDP9X0JD364031,2018,87B010400090
484970553,PETERBILT,579,1XPBDP9XXGD341994,2016,87B010400071
485827638,PETERBILT,579,1XPBD49X4KD603774,2019,87B010130022
486583312,PETERBILT,579,1XPBD49X2KD603840,2019,87A102900098
489800413,PETERBILT,384,1XPVDP9X7DD187205,2013,87B010690374
490689485,PETERBILT,579,1XPBD49X5PD861034,2023,88B112080279
494739165,PETERBILT,579,1XPBDP9X0HD420723,2017,87B010400079
496520476,PETERBILT,389,1XPXD49X0ND780686,2022,87B010690417
499657852,PETERBILT,579,1XPBDP9X5PD873640,2023,87A102380244
500430109,PETERBILT,579,1XPBD49X3KD603717,2019,87B030330288
501272915,PETERBILT,579,1XPBD49X9KD603477,2019,88A110620179
505512543,PETERBILT,579,1XPBD49XXPD855715,2023,87B010690733
506341967,PETERBILT,587,1XP4D49X2CD164391,2012,87B010690846
509825868,PETERBILT,579,1XPBD49X6KD603629,2019,87B010390346
515408733,PETERBILT,579,1XPBD49X8PD875526,2023,87U111250040
516643305,PETERBILT,579,1XPBD49X8PD875557,2023,87U111270029
518966219,PETERBILT,579,1XPBD49X1PD875562,2023,87U111250011
520177986,PETERBILT,579,1XPBD49XXPD875561,2023,87U111250054
528545444,PETERBILT,579,1XPBD49X0PD875570,2023,87U111250055
550604754,PETERBILT,579,1XPBDP9X7PD873641,2023,87B030580134
564371548,PETERBILT,579,1XPBDP9X3PD880778,2023,87A111590054
565597165,PETERBILT,579,1XPBDP9X5PD880779,2023,87B030580136
567090542,PETERBILT,579,1XPBDP9XXPD880776,2023,88A111020003
567203642,PETERBILT,579,1XPBDP9X1PD880780,2023,88A110620166
567384849,PETERBILT,587,1XP4DP9X6ED211880,2014,87B013080336
568454684,PETERBILT,579,1XPBDP9X3PD880781,2023,87A100200152
571858812,PETERBILT,579,1XPBDP9X7PD880783,2023,87A013610099
572228802,PETERBILT,579,1XPBDP9X5PD880782,2023,88A110620194
573450309,PETERBILT,579,1XPBDP9X9PD880784,2023,87A102600303
574669307,PETERBILT,579,1XPBDP9X0PD880785,2023,87B013130022
586536182,PETERBILT,579,1XPBD49X7KD603476,2019,87B010390440
591277864,PETERBILT,579,1XPBD49X3KD603670,2019,88B111930283
606045029,PETERBILT,579,1XPBDP9X5PD874125,2023,87B013410779
606054763,PETERBILT,579,1XPBD49X8FD285292,2015,87B013410944
606075455,PETERBILT,579,1XPBDP9X2HD363652,2017,87B013410793
627668631,PETERBILT,579,1XPBD49XXPD875527,2023,87B013080346
633521440,PETERBILT,579,1XPBD49X6PD875556,2023,87B013080399
638835230,PETERBILT,579,1XPBD49XXPD875446,2023,87B010970179
643744204,PETERBILT,579,1XPBD49XXPD875530,2023,87B013080457
649401615,PETERBILT,579,1XPBDP9X6LD679676,2020,87B030310002
649401622,PETERBILT,579,1XPBDP9X6LD674431,2020,87B030600370
655426040,PETERBILT,579,1XPBDP9X9RD880786,2024,87B030580138
659690442,PETERBILT,579,1XPBD49X3PD875563,2023,87B013080522
659690443,PETERBILT,579,1XPBDP9X0RD880787,2024,87B030580110
678789586,PETERBILT,579,1XPBDP9X1PD880777,2023,87B012790220
678789593,PETERBILT,579,1XPBDP9XXHD388623,2017,4C3000032629
714510815,PETERBILT,579,1XPBD49X5FD265758,2015,87B010620074
714510822,PETERBILT,389,1XPXD49X4PD871625,2023,87B030580055
723778083,PETERBILT,579,1XPBD49XXPD875575,2023,87B030580073
735454788,PETERBILT,567,1XPCDP9X0ND802234,2022,87B031220275
735454805,PETERBILT,579,1XPBD49X5RD896630,2024,87B031220254
743415063,PETERBILT,579,1XPBDP9X4RD897706,2024,87B031220004
794713434,PETERBILT,579,1XPBD49X4GD294086,2016,87B031510033
794713458,PETERBILT,579,1XPBDP9X5KD600755,2019,87A013480053
806575438,PETERBILT,579,1XPBDP9X2KD600941,2019,88B111810053
819457792,PETERBILT,387,1XP7D49X2AD798679,2010,87B030590303
819457798,PETERBILT,567,1XPCD49X7RD896603,2024,87B031220069
824524852,PETERBILT,579,1XPBD49X0PD837272,2023,87B013410585
865542753,PETERBILT,579,1XPBDP9X1KD643697,2019,87B011100243
885112167,PETERBILT,579,1XPBDP9X9KD232290,2019,87B031510011
910662797,PETERBILT,389,1XPXD49X8ND798420,2022,87A031910164
945346873,PETERBILT,388,1XPWDP9X0DD213129,2013,4C4000037262
945346891,PETERBILT,579,1XPBDP9X4JD451690,2018,87B012790021
954444528,PETERBILT,579,1XPBDP9X1JD451694,2018,87U111250065
954444532,PETERBILT,579,1XPBDP9X2JD451736,2018,87U111250100
972012828,PETERBILT,587,1XP4D49XXDD180114,2013,87A032280170
972012836,PETERBILT,567,1XPCDP9X5MD764935,2021,87B031720054
989095304,PETERBILT,579,1XPBDP9X7KD364433,2019,4C4000038149
989095309,PETERBILT,579,1XPBDP9X9KD600760,2019,87B010770007
998026533,PETERBILT,579,1XPBDP9X5KD232271,2019,87B012790035
1005012084,PETERBILT,579,1XPBDP9X8KD364232,2019,87A013480040
1013845888,PETERBILT,387,1XP7D49XX8D760188,2008,87B031720029
1013845911,PETERBILT,579,1XPBDP9X0FD280735,2015,87A032490270
1018644390,PETERBILT,579,1XPBDP9X8KD364246,2019,87B010690068
1023087888,PETERBILT,389,1XPXD49X29D783840,2009,87B030330293
1025571392,PETERBILT,579,1XPBDP9X4HD388617,2017,87A032710212
1041204776,PETERBILT,579,1XPBDP9X9KD600421,2019,87U111250066
1042296639,PETERBILT,579,1XPBD49X5FD260950,2015,87A032710124
1042296646,PETERBILT,579,1XPBD49X1KD610455,2019,87A032490144
646104099,PETERBILT,579,1XPBDP9XXKD232248,2019,88B111810082
448178795,PETERBILT,579,1XPBD49X4HD357947,2017,87B011100007
448406058,PETERBILT,579,1XPBDP9X4LD724291,2020,87B010690657
576116317,PETERBILT,579,1XPBD49XXPD875558,2023,87A032710130
699356582,PETERBILT,579,1XPBDP9X1LD649694,2020,87B012990069
806575424,PETERBILT,579,1XPBDP9X9LD724254,2020,87B030590344
1013845898,PETERBILT,579,1XPBDP9X3GD298289,2016,87A032060050
594519483,PETERBILT,579,1XPBD49X9ND786593,2022,87B030330495
768505699,PETERBILT,379,1XP5DB9X94D832889,2004,87B031220056
804004985,PETERBILT,579,1XPBDP9X4HD409871,2017,87A031090026
622052493,PETERBILT,386,1XPHD49X6DD172397,2013,87B030590207
449127927,PETERBILT,579,1XPBDP9X9GD354560,2016,87B010210119
450879601,PETERBILT,579,1XPBDP9X1KD600445,2019,87B010690014
522452195,PETERBILT,387,1XP7DB9X97D697412,2007,87B010690167
567274829,PETERBILT,579,1XPBD49X8PD850495,2023,87B012810038
575180386,PETERBILT,579,1XPBD49X3LD718996,2020,87B030320190
614249623,PETERBILT,579,1XPBD49X2FD285286,2015,87B013410510
675473626,PETERBILT,587,1XP4D49X1FD278807,2015,87B012800398
735454815,PETERBILT,587,1XP4D49X5DD190713,2013,87B010620677
743415023,PETERBILT,579,1XPBDP9X4LD651116,2020,87B010620714
778641507,PETERBILT,579,1XPBDP9X6KD232263,2019,87B112170079
819457773,PETERBILT,579,1XPBD49X4HD416057,2017,87B031510028
892187133,PETERBILT,387,1XP7D49X0AD102319,2010,87A031910145
904423133,PETERBILT,579,1XPBD49X5HD297743,2017,87B031720023
966592587,PETERBILT,386,1XPHD49X7DD205648,2013,87A032060011
979982649,PETERBILT,579,1XPBD49X6JD421007,2018,87B010130088
991851220,PETERBILT,579,1XPBDP9X6PD825466,2023,87B013080039
1001625629,PETERBILT,579,1XPBDP9X4LD651035,2020,87A110820101
1005012109,PETERBILT,579,1XPBD49X7LD629674,2020,87B013080297
1009903873,PETERBILT,579,1XPBDP9X0KD600730,2019,87A110820120
1009903879,PETERBILT,579,1XPBDP9X1KD269415,2019,87A031720021
1013845901,PETERBILT,387,1XP7DB9X97D654172,2007,87A032490134
1034004380,PETERBILT,579,1XPBDP9X9KD613136,2019,87A032710207
1038966094,PETERBILT,587,1XP4D49X6CD154155,2012,87A032490102
1041204773,PETERBILT,387,1XP7DB9X44D809013,2004,87A032490005
1042296648,PETERBILT,379,1XP5DB9X95D869877,2005,87A032710107
461761981,PETERBILT,579,1XPBDP9X7HD434036,2017,87B010390512
